# Host: localhost  (Version: 5.5.24-log)
# Date: 2017-07-04 21:01:48
# Generator: MySQL-Front 5.3  (Build 4.214)

/*!40101 SET NAMES gb2312 */;

#
# Structure for table "ad"
#

DROP TABLE IF EXISTS `ad`;
CREATE TABLE `ad` (
  `id` int(11) NOT NULL AUTO_INCREMENT,
  `name` char(20) NOT NULL,
  `pwd` varchar(100) NOT NULL,
  `email` char(20) NOT NULL,
  `tel` char(30) NOT NULL,
  `img` varchar(200) NOT NULL,
  `salt` varchar(100) NOT NULL,
  `time` timestamp NOT NULL DEFAULT CURRENT_TIMESTAMP,
  PRIMARY KEY (`id`)
) ENGINE=MyISAM AUTO_INCREMENT=16 DEFAULT CHARSET=utf8;

#
# Data for table "ad"
#

/*!40000 ALTER TABLE `ad` DISABLE KEYS */;
INSERT INTO `ad` VALUES (4,'admin','eece5407c015585d5524889b0799459d','45@qq.com','','','%2^$&g^8','2017-05-18 19:07:55'),(13,'lilingli','e10adc3949ba59abbe56e057f20f883e','1286843477@qq.com','15538191173','','','2017-07-04 15:05:06'),(14,'张三','68835e207db08fe6f6d512cfe6601ba8','1286843477@qq.com','15538191173','','^%^*^^7$','2017-07-04 15:06:42');
/*!40000 ALTER TABLE `ad` ENABLE KEYS */;

#
# Structure for table "address"
#

DROP TABLE IF EXISTS `address`;
CREATE TABLE `address` (
  `id` int(11) NOT NULL AUTO_INCREMENT,
  `userid` char(30) NOT NULL,
  `name` char(30) NOT NULL,
  `tel` char(30) NOT NULL,
  `area` varchar(100) NOT NULL,
  `desc_area` varchar(200) NOT NULL,
  `post_code` char(30) NOT NULL,
  `status` int(10) unsigned NOT NULL,
  PRIMARY KEY (`id`)
) ENGINE=MyISAM AUTO_INCREMENT=4 DEFAULT CHARSET=utf8;

#
# Data for table "address"
#

/*!40000 ALTER TABLE `address` DISABLE KEYS */;
INSERT INTO `address` VALUES (2,'7','刘威','15538191780','浙江省-绍兴市-上虞区','河南','',1),(3,'9','李妞','15538191173','河南省-郑州市-金水区','龙子湖南路','',1);
/*!40000 ALTER TABLE `address` ENABLE KEYS */;

#
# Structure for table "cart"
#

DROP TABLE IF EXISTS `cart`;
CREATE TABLE `cart` (
  `id` int(11) NOT NULL AUTO_INCREMENT,
  `userid` char(30) NOT NULL,
  `goods_id` char(50) NOT NULL,
  `goods_name` varchar(200) NOT NULL,
  `goods_img` varchar(200) NOT NULL,
  `num` int(11) NOT NULL,
  `price_hot` double NOT NULL,
  `post_price` double NOT NULL,
  `total` double NOT NULL,
  `status` int(10) unsigned NOT NULL,
  PRIMARY KEY (`id`)
) ENGINE=MyISAM AUTO_INCREMENT=10 DEFAULT CHARSET=utf8;

#
# Data for table "cart"
#

/*!40000 ALTER TABLE `cart` DISABLE KEYS */;
/*!40000 ALTER TABLE `cart` ENABLE KEYS */;

#
# Structure for table "cate"
#

DROP TABLE IF EXISTS `cate`;
CREATE TABLE `cate` (
  `id` int(11) NOT NULL AUTO_INCREMENT,
  `name` char(30) NOT NULL,
  `p_id` int(11) NOT NULL,
  PRIMARY KEY (`id`)
) ENGINE=MyISAM AUTO_INCREMENT=16 DEFAULT CHARSET=utf8;

#
# Data for table "cate"
#

/*!40000 ALTER TABLE `cate` DISABLE KEYS */;
INSERT INTO `cate` VALUES (1,'教育类',0),(2,'小说',0),(3,'文艺',0),(4,'人文社科',0),(5,'童书',0),(6,'经管',0),(7,'励志',0),(8,'科技',0),(11,'科幻小说',2),(12,'教材',1),(13,'外语',1),(14,'考试',1),(15,'中小学教辅',1);
/*!40000 ALTER TABLE `cate` ENABLE KEYS */;

#
# Structure for table "comment"
#

DROP TABLE IF EXISTS `comment`;
CREATE TABLE `comment` (
  `id` int(11) NOT NULL AUTO_INCREMENT,
  `userid` char(50) NOT NULL,
  `goods_id` char(50) NOT NULL,
  `username` char(50) NOT NULL,
  `comment` varchar(300) NOT NULL,
  `time` timestamp NOT NULL DEFAULT CURRENT_TIMESTAMP,
  PRIMARY KEY (`id`)
) ENGINE=MyISAM AUTO_INCREMENT=4 DEFAULT CHARSET=utf8;

#
# Data for table "comment"
#

/*!40000 ALTER TABLE `comment` DISABLE KEYS */;
INSERT INTO `comment` VALUES (1,'7','18','liuwei','书中的绝大部分图都非常的清晰精美，重新着色仍保持着鸟山石燕原画的古色古香之感，唯一的缺陷就是几张大图分印了两页只能扒开才能看全。文字解释部分也非常的详细。总之，比新星之前出的那本坑爹货强太多。','2017-05-19 16:48:45'),(2,'7','18','liuwei','妖怪在人类还没出现的时候，就已经存在了，或许现在仍然存在着妖怪，只是我们不知道它们躲在什么地方罢了…… 画图百鬼夜行・上篇・阴 木魅、天狗、山童、幽谷响、山姥、犬神・白儿、猫又、垢尝、河童、川獭、网切、狸、穷奇、狐火 画图百鬼夜行・中篇・阳 络新妇、鼬、业原火、钓瓶火、凤凰火、姥姥火、火车、鸣屋、海座头、野寺坊、姑获鸟、高女、手之目、铁鼠、黑V、逆柱、飞头蛮、反枕、雪女、生灵、死灵、幽灵 ...','2017-05-19 16:49:29'),(3,'9','2','李妞','书籍超乎意料的好 很满意 有需要会继续光顾 ','2017-07-04 16:34:22');
/*!40000 ALTER TABLE `comment` ENABLE KEYS */;

#
# Structure for table "desc"
#

DROP TABLE IF EXISTS `desc`;
CREATE TABLE `desc` (
  `id` int(11) NOT NULL AUTO_INCREMENT,
  `name` char(20) NOT NULL,
  `isbn` varchar(100) NOT NULL,
  `img` varchar(200) NOT NULL,
  PRIMARY KEY (`id`)
) ENGINE=MyISAM AUTO_INCREMENT=42 DEFAULT CHARSET=utf8;

#
# Data for table "desc"
#

/*!40000 ALTER TABLE `desc` DISABLE KEYS */;
INSERT INTO `desc` VALUES (1,'恋情的终结','2017051810254101','2017-05-18/591d5c2f7a0c2.jpg'),(2,'于丹《论语》心得（2017年修订新版）','2017051848101514','2017-05-18/591d5d90e7b82.jpg'),(3,'认真地年轻，优雅地老去：杨绛传','2017051855515410','2017-05-18/591d5e473aba4.jpg'),(4,'你自以为的极限，只是别人的起点','2017051848511009','2017-05-18/591d5f20415f1.jpg'),(6,'外科风云','2017051849101485','2017-05-18/591d60a1e5efc.jpg'),(7,'数据结构（C语言版）附光盘','2017051851521005','2017-05-18/591d62e350475.jpg'),(8,'文都教育 何凯文 2018考研英语阅读同','2017051897984956','2017-05-18/591d63aab4b82.jpg'),(9,'了不起的盖茨比 软精装 珍藏版','2017051849100485','2017-05-18/591d6571d8db5.jpg'),(10,'再见，萤火虫小巷','2017051851551019','2017-05-18/591d66f389098.jpg'),(11,'一个人的朝圣2：奎妮的情歌','2017051848575052','2017-05-18/591d679096377.jpg'),(12,'不存在的父亲','2017051897541001','2017-05-18/591d681a73083.jpg'),(13,'摸金校尉之九幽将军','2017051810051545','2017-05-18/591d695d3a773.jpg'),(14,'罗曼蒂克消亡史','2017051810053100','2017-05-18/591d6a1d652e9.jpg'),(15,'玛格丽特小镇','2017051848535748','2017-05-18/591d6ac05e24e.jpg'),(16,'人类简史：从动物到上帝','2017051857100102','2017-05-18/591d6c49e5daa.jpg'),(17,'日本人的活法','2017051851501015','2017-05-18/591d6f93355e8.jpg'),(18,'百鬼夜行（全二册）（足本图解版）','2017051810210152','2017-05-18/591d702fe88f5.jpg'),(19,'中国人的人性与人生','2017051850975610','2017-05-18/591d7102acc24.jpg'),(20,'数据库系统概论（第5版）','2017051851504897','2017-05-18/591d72632358a.jpg'),(21,'金榜图书.2018李永乐考研数学线性代数','2017051850579710','2017-05-18/591d73729f7fb.jpg'),(22,'肖秀荣2018考研政治命题人精讲精练','2017051897555057','2017-05-18/591d746a75cb2.jpg'),(23,'肖秀荣2018考研政治命题人精讲精练','2017051897555057','2017-05-18/591d746a7686a.jpg'),(24,'恋练有辞：考研英语写作宝典','2017051897995450','2017-05-18/591d751acac5a.jpg'),(25,'贺银成2018考研西医临床医学综合能力辅','2017051897100100','2017-05-18/591d75aae3bbd.jpg'),(26,'贺银成2018考研西医临床医学综合能力辅','2017051897100100','2017-05-18/591d75aae5715.jpg'),(27,'C语言从入门到精通(第2版)（附光盘1张','2017051850529754','2017-05-18/591d76b24d1d5.jpg'),(28,'普通高等教育国家级重点教材・外国教育史教','2017051855574955','2017-05-18/591d782794290.jpg'),(29,'普通高等教育国家级重点教材・外国教育史教','2017051855574955','2017-05-18/591d782794a60.jpg'),(30,'做一个有风骨的女子','2017051899975651','2017-05-18/591d79acb3f58.jpg'),(31,'苦难辉煌','2017051898565450','2017-05-18/591d7a1b88531.jpg'),(32,'时间的果','2017051854551011','2017-05-18/591d7ab6874cc.jpg'),(33,'世界很大，幸好有你','2017051899100575','2017-05-18/591d7b5cdf505.jpg'),(34,'人生所有经过的路，都是必经之路','2017051852579857','2017-05-18/591d7c04a4dd8.jpg'),(35,'与老外交朋友','2017051855535254','2017-05-18/591d881758c77.jpg'),(36,'世界名人传记・励志成长绘本','2017051857100504','2017-05-18/591d8ef9de063.jpg'),(37,'自由市场的坠落','2017051854575510','2017-05-18/591d8fa6a0f40.jpg'),(38,'时间的形状：相对论史话','2017051810148545','2017-05-18/591d907e0b5f8.jpg'),(39,'银河帝国：基地七部曲套装','2017051899102505','2017-05-18/591d911d06438.jpg'),(41,'注册会计师2017考试教材','2017051850504951','2017-05-18/591d931226dbb.jpg');
/*!40000 ALTER TABLE `desc` ENABLE KEYS */;

#
# Structure for table "goods"
#

DROP TABLE IF EXISTS `goods`;
CREATE TABLE `goods` (
  `id` int(11) NOT NULL AUTO_INCREMENT,
  `name` char(20) NOT NULL,
  `author` char(20) NOT NULL,
  `cate` char(10) NOT NULL,
  `p_id` int(11) NOT NULL,
  `press` char(30) NOT NULL,
  `price` double NOT NULL,
  `price_hot` double NOT NULL,
  `desc` varchar(200) NOT NULL,
  `img` varchar(200) NOT NULL,
  `img_thumb` varchar(200) NOT NULL,
  `reserve` int(11) NOT NULL,
  `is_hot` int(10) unsigned NOT NULL,
  `isbn` char(30) NOT NULL,
  PRIMARY KEY (`id`)
) ENGINE=MyISAM AUTO_INCREMENT=39 DEFAULT CHARSET=utf8;

#
# Data for table "goods"
#

/*!40000 ALTER TABLE `goods` DISABLE KEYS */;
INSERT INTO `goods` VALUES (1,'恋情的终结','格雷厄姆・格林','2',0,'江苏文艺出版社',58,41.9,'马尔克斯、福克纳推崇备至的大师级作家。历史百大英语小说。这本书里有狂热的爱、狂热的恨、狂热的猜疑、狂热的嫉妒、狂热的信仰，有爱情中所有狂热的情感。关于爱情，我又想起了你……读客出品','2017-05-18/591d5c2f73360.jpg','',28,0,'2017051810254101'),(2,'于丹《论语》心得（2017年修订新版）','于丹','1',0,'生活.读书.新知三联书店',39.8,31.3,'（念念不忘，必有回响，十年前她的一部《论语》心得，畅销600万册，让我们记住了一个名字：于丹；十年磨剑，三联书店修订出版，再次向经典致敬！曾经的你，意气风发，现在的你，需要Z好的它。）','2017-05-18/591d5d90e3919.jpg','',12,1,'2017051848101514'),(3,'认真地年轻，优雅地老去：杨绛传','王臣','2',0,'北京联合出版有限公司',42,26,'迄今更富诗性与美感的杨绛传记，全彩典藏本。独家收录《钱锺书传》《钱瑗传》，完整展现“我们仨”的动人世界。民国女子大多特立独行，唯独她，不攀高也不怕下跌，用力去爱，用心生活，于从容不迫间，成就百年优雅。','2017-05-18/591d5e47374f3.jpg','',8,0,'2017051855515410'),(4,'你自以为的极限，只是别人的起点','特立独行的猫','7',0,'武汉出版社',39.8,19.8,'百万级畅销书作家特立独行的猫重磅新作，写给渴望突破瓶颈、实现快速跨越的你。\r\n《你自以为的极限，只是别人的起点》，国内超级畅销书作家特立独行的猫为千万渴望快速成长的年轻人量身打造的自我提升之作。《你自以为的极限，只是别人的起点》一书告诉千万年轻人，不要给自己的人生设限，也不要对自己丧失信心――你本身所具有的强大潜能，现在还远远没有爆发出来。你现在还远远没有达到你的极限！你自以为的极限，可能只是那些','2017-05-18/591d5f203e328.jpg','',10,1,'2017051848511009'),(6,'外科风云','朱朱','2',0,'浙江文艺出版社',78,38.2,'正午阳光影业继《琅琊榜》《欢乐颂》后，又一热播医疗职场励志剧同名小说。直击中国医患矛盾的情感极致力作，温暖而明亮的职场励志小说。老干部靳东演绎的中国医疗精英。随书附赠主演靳东明信片 ','2017-05-18/591d60a1e0cf3.jpg','',96,1,'2017051849101485'),(7,'数据结构（C语言版）附光盘','严蔚敏','12',1,'清华大学出版社',35,24.7,'《数据结构》（C语言版）是为“数据结构”课程编写的教材，也可作为学习数据结构及其算法的C程序设计的参数教材。\r\n本书的前半部分从抽象数据类型的角度讨论各种基本类型的数据结构及其应用；后半部分主要讨论查找和排序的各种实现方法及其综合分析比较。其内容和章节编排1992年4月出版的《数据结构》（第二版）基本一致，但在本书中更突出了抽象数据类型的概念。全书采用类C语言作为数据结构和算法的描述语言。\r\n　　','2017-05-18/591d62e34dd64.jpg','',21,0,'2017051851521005'),(8,'文都教育 何凯文 2018考研英语阅读同','何凯文','13',1,'原子能出版社',42,26,'时文精析在手 夺取高分不愁','2017-05-18/591d63aab208a.jpg','',13,0,'2017051897984956'),(9,'了不起的盖茨比 软精装 珍藏版','菲茨杰拉德','1',0,'中国宇航出版社',32,12.7,'尼克从中西部故乡来到纽约，在他住所旁边正是本书主人公盖茨比的豪华宅第。这里每晚都在举行盛大的宴会。尼克和盖茨比相识，故事就这样开始了。尼克对盖茨比充满探究的兴趣。探究的结果是：尼克了解到盖茨比内心深处有一段不了之情。\r\n　 年轻时的盖茨比并不富有，他是一个少尉军官。他爱上了一位叫黛茜的姑娘，黛茜对他也情有所钟。后来*次世界大战爆发，盖茨比被调往欧洲。似是偶然却也是必然，黛茜因此和他分手，转而与一个','2017-05-18/591d6571d4764.jpg','',23,0,'2017051849100485'),(10,'再见，萤火虫小巷','克莉丝汀・汉娜','2',0,'百花洲文艺出版社',36,18,'（媲美《追风筝的人》的人性治愈小说，荣登《纽约时报》畅销榜Top3，全球超过百万名读者期待的人性救赎之作！）失去的会以另外的方式永远存在，而拥有的需要加倍珍惜。白马时光 ','2017-05-18/591d66f384277.jpg','',24,0,'2017051851551019'),(11,'一个人的朝圣2：奎妮的情歌','蕾秋・乔伊斯','2',0,'北京联合出版公司',36,17.6,'布克奖入围作品《一个人的朝圣》相伴之作。献给每一次对生命微小瞬间的朴素歌唱，对自我的照见，对爱的回归。','2017-05-18/591d679092cc7.jpg','',25,0,'2017051848575052'),(12,'不存在的父亲','迈克尔・道布斯','2',0,'百花洲文艺出版社',36,16.6,'（口碑不输《祈祷落幕时》的畅销力作。一场以父之名的追寻和审判！）（一个人的良知要永远高于自己的欲望和失望……我们总是在真正了解父亲的那一刻起，才真正长大。）','2017-05-18/591d681a6e64a.jpg','',23,1,'2017051897541001'),(13,'摸金校尉之九幽将军','天下霸唱','2',0,'群言出版社',39.8,16.8,'比《鬼吹灯》更惊悚刺激的全新盗墓小说！电影《寻龙诀》将于12月18日全国公映，其导演乌尔善、监制陈国富、演员黄渤、陈坤鼎力推荐此书！天下霸唱：“我想通过这本书让读者知道，我不只有‘鬼吹灯’！','2017-05-18/591d695d370c2.jpg','',6,0,'2017051810051545'),(14,'罗曼蒂克消亡史','程耳','2',0,'江西人民出版社',23,11,'七个短篇小说，七把扎出人性荒诞的利刃。\r\n程耳的小说如同他的电影，循环推进，起落得当，总要人怀着好奇与疑惑，绝难一览无余。他通过冷静自律又舒缓细腻的叙述，连接往昔与现在，抖落隐秘――人类的存在就是一部消亡史，那些浪漫的，需要被重新打量，那些经得起打量的荒诞，才*浪漫。\r\n如果你曾被程耳的《边境风云》吸引，如果你喜欢《两杆大烟枪》《疯狂的石头》，如果你觉得循环推进、多线叙事是很酷的玩法，如果你对未知','2017-05-18/591d6a1d5d9d0.jpg','',31,1,'2017051810053100'),(15,'玛格丽特小镇','加・泽文','2',0,'江苏文艺出版社',36,17.9,'  有一座玛格丽特小镇，镇上有一间叫玛格丽特的房子，房子里住着五个玛格丽特。\r\n         爱傻笑的小孩子梅，忧郁的少女米亚，忧伤的年轻人玛吉，性格乖戾的中年玛琪，耳聋的老太太玛格丽特，她们是同一个人又不是同一个人。\r\n         一个深爱玛格丽特的男人，来到这座小镇上的*天就迷失了。\r\n         于是，他倾尽一生，去读懂她的心。\r\n         这个世界上没有什么魔法，我','2017-05-18/591d6ac059fe5.jpg','',12,0,'2017051848535748'),(16,'人类简史：从动物到上帝','尤瓦尔・赫拉利','4',0,'中信出版社',68,46.8,'这是一部“瘦身版”人类简史。如果说给我一本书，不到五百页，没有一堆令人晕头转 向的年份、人名、地名、称号，就能涵盖了人类如何崛起、影响现代生活甚巨的资本主义、一神教、自由人文主义、基因工程如何兴盛的人类历史重大脉络……这是仅有的一部！\r\n分4大部分描述人类大历史。1大开创性在于打通文字发明前后历史的界限；填补传统人类史的3大鸿沟：历史观与哲学观之间的鸿沟（提供有史实根据的深刻哲学思考）人类和生态系','2017-05-18/591d6c49e0f89.jpg','',224,0,'2017051857100102'),(17,'日本人的活法','徐静波','4',0,'华文出版社',49.8,24.4,'在日本生活与旅行，无论是欣赏和服、品味茶道，还是追逐艺伎、漫步古街，甚至看到离开旅馆后依然远远挥手相送的人们和用双手把零钱放到我们手心的店家老太，无不感受到一种似曾相识的美丽与温暖。我们也曾经有过，只是我们丢失的太多。从《日本人的活法》中捡回我们曾经丢失的东西，抱着一种探求真实的心态去冷静地观察这个曾经侵略过我们，却又保留了我们诸多文化传统的国家，寻找值得我们借鉴的东西。\r\n','2017-05-18/591d6f932f057.jpg','',23,1,'2017051851501015'),(18,'百鬼夜行（全二册）（足本图解版）','鸟山石燕　','4',0,'江苏美术出版社',69.9,34.3,'汇集鸟山石燕所绘《画图百鬼夜行》《今昔画图续百鬼》《今昔百鬼拾遗》《画图百器徒然袋》这四册著名妖怪画卷，共计描绘了203张妖怪画像，讲述了207只妖怪的精彩故事，想要了解日本妖怪文化先要读这一本。\r\n','2017-05-18/591d702fe4e5c.jpg','',24,0,'2017051810210152'),(19,'中国人的人性与人生','梁晓声','4',0,'现代出版社',59.8,29.3,'本书是梁晓声先生深度解剖当代中国人的文化心理与国民性的*重磅力作。\r\n作者以一如继往的冷峻而智慧的笔调、渗及骨髓的透视深度，以及充满人文理性的文字，对当代的中国人的文化心理状况，普通人人生的尴尬，以及关于中国的文化与文化人，给出了自己的观察与评述，可以说是一部关于中国社会人文现状的“田野调查”，也是一部深度的社会观察笔记。在本书中，作者直视人性的软弱，颂扬人性的闪光与良知的自省，由此，我们才能获得','2017-05-18/591d7102a9573.jpg','',18,1,'2017051850975610'),(20,'数据库系统概论（第5版）','王珊、萨师煊','1',0,'高等教育出版社',39.6,32.4,'本书第1版于1983年出版至今已经第5版。第5版是“十二五”普通高等教育本科*规划教材。相应课程于2004年被评为北京市精品课程，2005年被评为国家精品课程，2014年被批准为*精品资源共享课。 本书系统全面地阐述数据库系统的基础理论、基本技术和基本方法。全书分为4篇16章。基础篇包括绪论、关系数据库、关系数据库标准语言SQL、数据库安全性和数据库完整性，共5章；设计与应用开发篇包括关系数据理论','2017-05-18/591d726321261.jpg','',25,0,'2017051851504897'),(21,'金榜图书.2018李永乐考研数学线性代数','李永乐','15',0,'西安交通大学出版社',39.9,29.8,'资深名师用心编写\r\n历届考生公认好评\r\n极强的应试指导性\r\n一看便懂过目不忘 ','2017-05-18/591d73729b97a.jpg','',23,0,'2017051850579710'),(22,'肖秀荣2018考研政治命题人精讲精练','肖秀荣','1',0,'北京航空航天大学出版社',59.8,34.8,'完美配套《1000题》，铺底双色印刷+配套视频讲解+微博微信全程答疑(肖秀荣强化三件套之①)','2017-05-18/591d746a731ba.jpg','',19,0,'2017051897555057'),(23,'恋练有辞：考研英语写作宝典','朱伟，杨力','1',0,'浙江教育出版社',32.9,17.2,'《恋练有辞：考研英语写作宝典》上市三年，历经三年考研真题检验，被证明是高效、实用、具有创新意义的写作宝典。本书通过经典三步\r\n法、时空描述法、“庖丁解牛”法等详解漫画、图表和书信作文写作思路，力助考生应对千变万化的题目。本书详解42套考研英语(一)和英语(二)写作真题，由朱伟老师倾情录制12套真题精讲音频。与外籍专家联合打造52篇高分范文，辅以精准参考译文和200余个好词好组。作者朱伟连续5次命中','2017-05-18/591d751ac6dd9.jpg','',25,0,'2017051897995450'),(24,'贺银成2018考研西医临床医学综合能力辅','贺银成','1',0,'北京航空航天大学出版社',158,78,'购买正版图书，拒绝盗版风险。凡购买贺银成2018考研西医系列图书的读者立享超值增值服务（获取方法：进入北航出版社官网增值服务专区，找到相应图书的增值服务，凭正版图书上的激活码即可获取）。\r\n您负责学习，我们负责提供优秀的内容。You learn you cool !\r\n贺银成2018考研西医临床医学综合能力系列辅导图书，点击下图，一站购齐：','2017-05-18/591d75aadddfb.jpg','',56,0,'2017051897100100'),(25,'C语言从入门到精通(第2版)（附光盘1张','明日科技','1',0,'清华大学出版社',49.8,38.9,'“软件开发视频大讲堂”丛书系清华社“视频大讲堂”重点大系之一。该大系包括多个子系列，每个子系列的图书在其同品种的图书中销售名列前茅，其中：\r\n4个品种荣获“全行业优秀畅销品种”\r\n1个品种荣获2012年清华大学出版社“专业畅销书”一等奖\r\n绝大多数品种在“全国计算机零售图书排行榜”同品种排行中名列前茅\r\n截至目前该大系累计销售超过55万册\r\n该大系已成为近年来清华社计算机专业基础类零售图书*畅销的','2017-05-18/591d76b24aead.jpg','',34,0,'2017051850529754'),(26,'普通高等教育国家级重点教材・外国教育史教','吴式颖、李明德','1',0,'人民教育出版社',49.9,37.8,'做为一名教师应该了解一下教育发展的历史，上学时没有学过这门课程，现在自学把它补上。前段时间买了一本《中国教育史》阅读过后感觉收获颇多，后来又想到应该再了解一下《外国教育史》，这样视野才能更宽广，对以后的教育工作也能有所启发。','2017-05-18/591d782791f67.jpg','',35,0,'2017051855574955'),(27,'做一个有风骨的女子','晚情','3',0,'青岛出版社',35,17.2,'改变百万读者人生方向，千万读者自发推荐、口耳相传。总点击超过6亿次，人民日报、十点读书、思想聚焦、清华南都等大V纷纷转发，读者好评如潮。赠明信片4张+书签1张。','2017-05-18/591d79aca8ba5.jpg','',35,0,'2017051899975651'),(28,'苦难辉煌','金一南','3',0,'作家出版社',58,28.4,'勿忘昨天的苦难辉煌，无愧今天的使命担当，不负明天的伟大梦想，在中国特色社会主义伟大道路上，为实现中华民族伟大复兴的中国梦，前进。\r\n　　――*\r\n　　看似写历史，实则写现在；看似问过去，实则问将来\r\n　　――国防大学政治委员、空军上将刘亚洲评价《苦难辉煌》','2017-05-18/591d7a1b869d8.jpg','',26,0,'2017051898565450'),(29,'时间的果','黎戈','3',0,'北京联合出版公司',39.8,19.5,'张悦然、韩松落、沈书枝力荐作品，做滋养自己的事，一心一意成为自己。唯有如此，生命才能结出它*饱满的果实。','2017-05-18/591d7ab67fbb2.jpg','',36,0,'2017051854551011'),(30,'世界很大，幸好有你','杨澜','3',0,'江苏文艺出版社',39,19.1,'1996年《凭海临风》后，著名媒体人杨澜女士20年来全新个人散文作品，继百万畅销书《一问一世界》《幸福要回答》后，又一畅销力作！','2017-05-18/591d7b5cd9b2c.jpg','',56,0,'2017051899100575'),(31,'人生所有经过的路，都是必经之路','鬼脚七','3',0,'百花洲文艺出版社',38,19,'行走在佛教里叫行禅，这是一段真实的行走旅程。\r\n鬼脚七一个人，不带分文，独自托钵乞食，从佛教圣地五台山徒步到峨眉山，全程两千多公里，历时81天。会遇到什么人，会发生什么事？行走之前，他自己也不知道，只是这样一路走着，一路记录下拜佛遇到的有缘人和所感事。目及之处皆为世界，所感之处皆为道场。对鬼脚七来说，他用这段旅程来思考：我是谁？我与自己、与周围人、与世界的关系是怎样的？在这本书里，你会看到不一样的','2017-05-18/591d7c049c51e.jpg','',35,1,'2017051852579857'),(32,'与老外交朋友',' 周建华','13',1,'北京联合出版公司',46,33,'英语口语与老外的正确打开方式！破除三大误区，传授五大技巧，十二个实战场景对话。一个老外、一个老中，用亲身经历告诉你：能交流，才算会英语！老外们极力呼吁：想和我们打招呼，请先看看这本书！','2017-05-18/591d881754df6.jpg','',24,0,'2017051855535254'),(33,'世界名人传记・励志成长绘本','武鹿悦子','5',0,'长江少年儿童出版社',180,88,'日本绘本大奖得主、日本产经儿童出版文化奖得主、博洛尼亚童书展获奖者，联合创作，让4-8岁孩子拥有名人的自信、智慧与勇气）（海豚传媒--心喜阅童书出品） ','2017-05-18/591d8ef9d2cb0.jpg','',32,0,'2017051857100504'),(34,'自由市场的坠落','约瑟夫E.斯蒂格利茨','6',0,'机械工业出版社',69,52,'诺贝尔经济学奖得主斯蒂格利茨帮你洞穿当下经济政策与前景的又一力作，中国世界经济学会会长余永定、中国社会科学院世界经济与政治研究所副所长何帆、中国人民大学国际货币研究所理事兼副所长向松祚作序推荐','2017-05-18/591d8fa698686.jpg','',34,0,'2017051854575510'),(35,'时间的形状：相对论史话','汪洁','8',0,'北京时代华文书局',48,23.5,'一直以来，你一定会有这样的疑问：\r\n永恒流淌的时间，是真的摸不着看不见，还是有形状和终点？\r\n我们所处的空间，是三维四维还是五维？\r\n我们能不能踏上时光机，任意穿越时空回到过去和未来？\r\n这些，都将在本书中找到答案。\r\n跟随作者，你可以进入爱因斯坦的梦境，坐在牛顿老师的课堂，来到星光实验的现场……近距离接触科学的真相。你将轻松了解一个你以为深奥得无法捉摸的理论，你将进入一个你以为奇妙得永远理解不了','2017-05-18/591d907e06bbf.jpg','',42,0,'2017051810148545'),(36,'银河帝国：基地七部曲套装','艾萨克阿西莫夫','11',2,'江苏文艺出版社',328,288,'人类蜗居在银河系的一个小角落――太阳系，在围绕太阳旋转的第三颗行星上，生活了十多万年之久。\r\n　　人类在这个小小的行星（他们称之为“地球”）上，建立了两百多个不同的行政区域（他们称之为“国家”），直到地球上诞生了第一个会思考的机器人。\r\n　　在机器人的帮助下，人类迅速掌握了改造外星球的技术，开启了恢弘的星际殖民运动；人类在银河系如蝗虫般繁衍扩张，带着他们永不磨灭的愚昧与智慧、贪婪与良知，登上了一个','2017-05-18/591d911cf352f.jpg','',67,0,'2017051899102505'),(38,'注册会计师2017考试教材','会计','14',1,'中国出版社',232,222,'2017年注册会计师教材全国统一考试教材:经济法+会计+税法+审计+财务成本管理+公司战略与风险管理 注册会计师2017考','2017-05-18/591d931221bb2.jpg','',23,0,'2017051850504951');
/*!40000 ALTER TABLE `goods` ENABLE KEYS */;

#
# Structure for table "order"
#

DROP TABLE IF EXISTS `order`;
CREATE TABLE `order` (
  `id` int(11) NOT NULL AUTO_INCREMENT COMMENT 'id',
  `user_id` int(11) NOT NULL COMMENT '用户id',
  `time` timestamp NOT NULL DEFAULT CURRENT_TIMESTAMP,
  `pay_status` int(10) unsigned NOT NULL,
  `post_status` int(10) unsigned NOT NULL,
  `order_status` int(10) unsigned NOT NULL,
  `pay_method` char(30) NOT NULL,
  `total_price` float NOT NULL,
  `goods_img` varchar(200) NOT NULL,
  `order_id` varchar(100) NOT NULL,
  `post_method` varchar(100) NOT NULL,
  `area` char(20) NOT NULL,
  `desc_area` varchar(100) NOT NULL,
  `tel` char(20) NOT NULL,
  `name` char(20) NOT NULL,
  `pay_time` timestamp NOT NULL DEFAULT '0000-00-00 00:00:00',
  `post_id` varchar(100) NOT NULL,
  PRIMARY KEY (`id`)
) ENGINE=MyISAM AUTO_INCREMENT=12 DEFAULT CHARSET=utf8;

#
# Data for table "order"
#

/*!40000 ALTER TABLE `order` DISABLE KEYS */;
INSERT INTO `order` VALUES (1,7,'2017-05-18 19:57:19',1,1,0,'货到付款',0,'','2017051810297975','圆通','河南省-郑州市-金水区','河南中医药大学','15538191780','刘威','0000-00-00 00:00:00','2017051851491025'),(2,7,'2017-05-18 20:02:08',1,0,0,'货到付款',0,'','2017051848515152','圆通','河南省-郑州市-金水区','河南中医药大学','15538191780','刘威','0000-00-00 00:00:00',''),(3,7,'2017-05-18 20:44:55',1,0,0,'货到付款',0,'','2017051855100100','圆通','河南省-郑州市-金水区','河南中医药大学','15538191780','刘威','0000-00-00 00:00:00',''),(4,7,'2017-05-18 20:47:23',1,0,0,'货到付款',0,'','2017051898995151','圆通','河南省-郑州市-金水区','河南中医药大学','15538191780','刘威','0000-00-00 00:00:00',''),(5,7,'2017-05-18 20:48:43',1,0,0,'货到付款',0,'','2017051898505710','圆通','河南省-郑州市-金水区','河南中医药大学','15538191780','刘威','0000-00-00 00:00:00',''),(6,7,'2017-05-19 13:14:11',1,0,0,'货到付款',188,'','2017051951984849','圆通','河南省-郑州市-金水区','河南中医药大学','15538191780','刘威','0000-00-00 00:00:00',''),(7,7,'2017-05-19 16:20:29',1,0,0,'货到付款',33,'','2017051910052975','申通快递','浙江省-绍兴市-上虞区','河南','15538191780','刘威','0000-00-00 00:00:00',''),(8,7,'2017-05-20 11:18:41',1,0,0,'货到付款',76.4,'','2017052049539810','圆通','浙江省-绍兴市-上虞区','河南','15538191780','刘威','0000-00-00 00:00:00',''),(9,8,'2017-07-04 09:54:37',1,0,0,'货到付款',38.2,'','2017070410056102','圆通','','','','','0000-00-00 00:00:00',''),(10,9,'2017-07-04 16:20:34',1,0,0,'货到付款',62.6,'','2017070450101551','圆通','河南省-郑州市-金水区','龙子湖南路','15538191173','李妞','0000-00-00 00:00:00',''),(11,9,'2017-07-04 16:36:10',1,0,0,'货到付款',38.2,'','2017070497974810','申通快递','河南省-郑州市-金水区','龙子湖南路','15538191173','李妞','0000-00-00 00:00:00','');
/*!40000 ALTER TABLE `order` ENABLE KEYS */;

#
# Structure for table "ordgoods"
#

DROP TABLE IF EXISTS `ordgoods`;
CREATE TABLE `ordgoods` (
  `id` int(11) NOT NULL AUTO_INCREMENT COMMENT '编号',
  `ord_id` varchar(100) NOT NULL DEFAULT '0' COMMENT '订单号',
  `userid` char(50) NOT NULL,
  `goods_id` int(11) NOT NULL DEFAULT '0' COMMENT '商品货号',
  `goods_name` varchar(20) DEFAULT NULL COMMENT '商品名称',
  `shop_price` decimal(7,2) DEFAULT NULL COMMENT '商品价格',
  `goods_img` varchar(200) NOT NULL,
  `goods_num` smallint(5) unsigned NOT NULL DEFAULT '0' COMMENT '订购数量',
  `time` timestamp NOT NULL DEFAULT CURRENT_TIMESTAMP,
  `pay_status` int(10) unsigned NOT NULL,
  `order_status` int(10) unsigned NOT NULL,
  `post_status` int(11) NOT NULL,
  `post_id` varchar(200) NOT NULL,
  `area` varchar(200) NOT NULL,
  PRIMARY KEY (`id`),
  KEY `ordinfo_id` (`ord_id`)
) ENGINE=MyISAM AUTO_INCREMENT=13 DEFAULT CHARSET=utf8;

#
# Data for table "ordgoods"
#

/*!40000 ALTER TABLE `ordgoods` DISABLE KEYS */;
INSERT INTO `ordgoods` VALUES (1,'2017051810297975','7',18,'百鬼夜行（全二册）（足本图解版）',34.30,'2017-05-18/591d702fe4e5c.jpg',1,'2017-05-18 19:57:19',1,2,1,'2017051851491025',''),(2,'2017051848515152','7',30,'世界很大，幸好有你',19.10,'2017-05-18/591d7b5cd9b2c.jpg',2,'2017-05-18 20:02:08',1,0,0,'',''),(3,'2017051855100100','7',35,'时间的形状：相对论史话',23.50,'2017-05-18/591d907e06bbf.jpg',3,'2017-05-18 20:44:55',1,0,0,'',''),(4,'2017051898995151','7',35,'时间的形状：相对论史话',23.50,'2017-05-18/591d907e06bbf.jpg',3,'2017-05-18 20:47:23',1,0,0,'',''),(5,'2017051898505710','7',35,'时间的形状：相对论史话',23.50,'2017-05-18/591d907e06bbf.jpg',3,'2017-05-18 20:48:43',1,0,0,'',''),(6,'2017051951984849','7',13,'摸金校尉之九幽将军',16.80,'2017-05-18/591d695d370c2.jpg',5,'2017-05-19 13:14:11',1,0,0,'',''),(7,'2017051951984849','7',3,'认真地年轻，优雅地老去：杨绛传',26.00,'2017-05-18/591d5e47374f3.jpg',4,'2017-05-19 13:14:11',1,0,0,'',''),(8,'2017051910052975','7',14,'罗曼蒂克消亡史',11.00,'2017-05-18/591d6a1d5d9d0.jpg',3,'2017-05-19 16:20:29',1,0,0,'',''),(9,'2017052049539810','7',6,'外科风云',38.20,'2017-05-18/591d60a1e0cf3.jpg',2,'2017-05-20 11:18:41',1,0,0,'','浙江省-绍兴市-上虞区河南刘威15538191780'),(10,'2017070410056102','8',6,'外科风云',38.20,'2017-05-18/591d60a1e0cf3.jpg',1,'2017-07-04 09:54:37',1,0,0,'',''),(11,'2017070450101551','9',2,'于丹《论语》心得（2017年修订新版）',31.30,'2017-05-18/591d5d90e3919.jpg',2,'2017-07-04 16:20:34',1,2,1,'2017070451102485','河南省-郑州市-金水区龙子湖南路李妞15538191173'),(12,'2017070497974810','9',6,'外科风云',38.20,'2017-05-18/591d60a1e0cf3.jpg',1,'2017-07-04 16:36:10',1,4,1,'2017070449994897','河南省-郑州市-金水区龙子湖南路李妞15538191173');
/*!40000 ALTER TABLE `ordgoods` ENABLE KEYS */;

#
# Structure for table "person"
#

DROP TABLE IF EXISTS `person`;
CREATE TABLE `person` (
  `pwd` int(11) NOT NULL,
  `newpwd` int(11) NOT NULL,
  `id` int(11) NOT NULL AUTO_INCREMENT,
  PRIMARY KEY (`id`)
) ENGINE=MyISAM DEFAULT CHARSET=utf8;

#
# Data for table "person"
#

/*!40000 ALTER TABLE `person` DISABLE KEYS */;
/*!40000 ALTER TABLE `person` ENABLE KEYS */;

#
# Structure for table "pic"
#

DROP TABLE IF EXISTS `pic`;
CREATE TABLE `pic` (
  `id` int(11) NOT NULL AUTO_INCREMENT,
  `name` char(20) NOT NULL,
  `isbn` text NOT NULL,
  `img` varchar(200) NOT NULL,
  PRIMARY KEY (`id`)
) ENGINE=MyISAM AUTO_INCREMENT=97 DEFAULT CHARSET=utf8;

#
# Data for table "pic"
#

/*!40000 ALTER TABLE `pic` DISABLE KEYS */;
INSERT INTO `pic` VALUES (1,'恋情的终结','2017051810254101','2017-05-18/591d5c2f73360.jpg'),(2,'恋情的终结','2017051810254101','2017-05-18/591d5c2f76df9.jpg'),(3,'恋情的终结','2017051810254101','2017-05-18/591d5c2f775c9.jpg'),(4,'于丹《论语》心得（2017年修订新版）','2017051848101514','2017-05-18/591d5d90e3919.jpg'),(5,'于丹《论语》心得（2017年修订新版）','2017051848101514','2017-05-18/591d5d90e44d1.jpg'),(6,'于丹《论语》心得（2017年修订新版）','2017051848101514','2017-05-18/591d5d90e4ca1.jpg'),(7,'认真地年轻，优雅地老去：杨绛传','2017051855515410','2017-05-18/591d5e47374f3.jpg'),(8,'认真地年轻，优雅地老去：杨绛传','2017051855515410','2017-05-18/591d5e4737cc4.jpg'),(9,'认真地年轻，优雅地老去：杨绛传','2017051855515410','2017-05-18/591d5e47380ac.jpg'),(10,'你自以为的极限，只是别人的起点','2017051848511009','2017-05-18/591d5f203e328.jpg'),(11,'你自以为的极限，只是别人的起点','2017051848511009','2017-05-18/591d5f203e710.jpg'),(12,'你自以为的极限，只是别人的起点','2017051848511009','2017-05-18/591d5f203eee0.jpg'),(15,'外科风云','2017051849101485','2017-05-18/591d60a1e0cf3.jpg'),(16,'外科风云','2017051849101485','2017-05-18/591d60a1e14c3.jpg'),(17,'数据结构（C语言版）附光盘','2017051851521005','2017-05-18/591d62e34dd64.jpg'),(18,'文都教育 何凯文 2018考研英语阅读同','2017051897984956','2017-05-18/591d63aab208a.jpg'),(19,'了不起的盖茨比 软精装 珍藏版','2017051849100485','2017-05-18/591d6571d4764.jpg'),(20,'了不起的盖茨比 软精装 珍藏版','2017051849100485','2017-05-18/591d6571d4f34.jpg'),(21,'了不起的盖茨比 软精装 珍藏版','2017051849100485','2017-05-18/591d6571d5704.jpg'),(22,'再见，萤火虫小巷','2017051851551019','2017-05-18/591d66f384277.jpg'),(23,'再见，萤火虫小巷','2017051851551019','2017-05-18/591d66f384a47.jpg'),(24,'再见，萤火虫小巷','2017051851551019','2017-05-18/591d66f385218.jpg'),(25,'一个人的朝圣2：奎妮的情歌','2017051848575052','2017-05-18/591d679092cc7.jpg'),(26,'一个人的朝圣2：奎妮的情歌','2017051848575052','2017-05-18/591d6790930af.jpg'),(27,'一个人的朝圣2：奎妮的情歌','2017051848575052','2017-05-18/591d67909387f.jpg'),(28,'不存在的父亲','2017051897541001','2017-05-18/591d681a6e64a.jpg'),(29,'不存在的父亲','2017051897541001','2017-05-18/591d681a6ee1a.jpg'),(30,'不存在的父亲','2017051897541001','2017-05-18/591d681a6f202.jpg'),(31,'摸金校尉之九幽将军','2017051810051545','2017-05-18/591d695d370c2.jpg'),(32,'摸金校尉之九幽将军','2017051810051545','2017-05-18/591d695d37892.jpg'),(33,'摸金校尉之九幽将军','2017051810051545','2017-05-18/591d695d38062.jpg'),(34,'罗曼蒂克消亡史','2017051810053100','2017-05-18/591d6a1d5d9d0.jpg'),(35,'罗曼蒂克消亡史','2017051810053100','2017-05-18/591d6a1d60c98.jpg'),(36,'罗曼蒂克消亡史','2017051810053100','2017-05-18/591d6a1d61080.jpg'),(37,'玛格丽特小镇','2017051848535748','2017-05-18/591d6ac059fe5.jpg'),(38,'玛格丽特小镇','2017051848535748','2017-05-18/591d6ac05a3cd.jpg'),(39,'玛格丽特小镇','2017051848535748','2017-05-18/591d6ac05ab9d.jpg'),(40,'人类简史：从动物到上帝','2017051857100102','2017-05-18/591d6c49e0f89.jpg'),(41,'人类简史：从动物到上帝','2017051857100102','2017-05-18/591d6c49e1759.jpg'),(42,'人类简史：从动物到上帝','2017051857100102','2017-05-18/591d6c49e1f29.jpg'),(43,'日本人的活法','2017051851501015','2017-05-18/591d6f932f057.jpg'),(44,'日本人的活法','2017051851501015','2017-05-18/591d6f932fc0f.jpg'),(45,'日本人的活法','2017051851501015','2017-05-18/591d6f932fff7.jpg'),(46,'百鬼夜行（全二册）（足本图解版）','2017051810210152','2017-05-18/591d702fe4e5c.jpg'),(47,'百鬼夜行（全二册）（足本图解版）','2017051810210152','2017-05-18/591d702fe5244.jpg'),(48,'百鬼夜行（全二册）（足本图解版）','2017051810210152','2017-05-18/591d702fe5a14.jpg'),(49,'中国人的人性与人生','2017051850975610','2017-05-18/591d7102a9573.jpg'),(50,'数据库系统概论（第5版）','2017051851504897','2017-05-18/591d726321261.jpg'),(51,'金榜图书.2018李永乐考研数学线性代数','2017051850579710','2017-05-18/591d73729b97a.jpg'),(52,'金榜图书.2018李永乐考研数学线性代数','2017051850579710','2017-05-18/591d73729c14a.jpg'),(53,'金榜图书.2018李永乐考研数学线性代数','2017051850579710','2017-05-18/591d73729c91b.jpg'),(54,'肖秀荣2018考研政治命题人精讲精练','2017051897555057','2017-05-18/591d746a731ba.jpg'),(55,'恋练有辞：考研英语写作宝典','2017051897995450','2017-05-18/591d751ac6dd9.jpg'),(56,'恋练有辞：考研英语写作宝典','2017051897995450','2017-05-18/591d751ac71c1.jpg'),(57,'贺银成2018考研西医临床医学综合能力辅','2017051897100100','2017-05-18/591d75aadddfb.jpg'),(58,'贺银成2018考研西医临床医学综合能力辅','2017051897100100','2017-05-18/591d75aade5cb.jpg'),(59,'贺银成2018考研西医临床医学综合能力辅','2017051897100100','2017-05-18/591d75aade9b3.jpg'),(60,'C语言从入门到精通(第2版)（附光盘1张','2017051850529754','2017-05-18/591d76b24aead.jpg'),(61,'普通高等教育国家级重点教材・外国教育史教','2017051855574955','2017-05-18/591d782791f67.jpg'),(62,'普通高等教育国家级重点教材・外国教育史教','2017051855574955','2017-05-18/591d782792738.jpg'),(63,'做一个有风骨的女子','2017051899975651','2017-05-18/591d79aca8ba5.jpg'),(64,'做一个有风骨的女子','2017051899975651','2017-05-18/591d79aca975e.jpg'),(65,'做一个有风骨的女子','2017051899975651','2017-05-18/591d79acae967.jpg'),(66,'苦难辉煌','2017051898565450','2017-05-18/591d7a1b869d8.jpg'),(67,'时间的果','2017051854551011','2017-05-18/591d7ab67fbb2.jpg'),(68,'时间的果','2017051854551011','2017-05-18/591d7ab680382.jpg'),(69,'时间的果','2017051854551011','2017-05-18/591d7ab682a93.jpg'),(70,'世界很大，幸好有你','2017051899100575','2017-05-18/591d7b5cd9b2c.jpg'),(71,'世界很大，幸好有你','2017051899100575','2017-05-18/591d7b5cda2fc.jpg'),(72,'世界很大，幸好有你','2017051899100575','2017-05-18/591d7b5cdcdf4.jpg'),(73,'人生所有经过的路，都是必经之路','2017051852579857','2017-05-18/591d7c049c51e.jpg'),(74,'人生所有经过的路，都是必经之路','2017051852579857','2017-05-18/591d7c049d0d6.jpg'),(75,'人生所有经过的路，都是必经之路','2017051852579857','2017-05-18/591d7c04a1727.jpg'),(76,'与老外交朋友','2017051855535254','2017-05-18/591d87fae63a6.jpg'),(77,'与老外交朋友','2017051855535254','2017-05-18/591d87fae1585.jpg'),(78,'与老外交朋友','2017051855535254','2017-05-18/591d681a6f202.jpg'),(79,'世界名人传记・励志成长绘本','2017051857100504','2017-05-18/591d8ef9d2cb0.jpg'),(80,'世界名人传记・励志成长绘本','2017051857100504','2017-05-18/591d8ef9d3481.jpg'),(81,'世界名人传记・励志成长绘本','2017051857100504','2017-05-18/591d8ef9d3869.jpg'),(82,'自由市场的坠落','2017051854575510','2017-05-18/591d8fa698686.jpg'),(83,'自由市场的坠落','2017051854575510','2017-05-18/591d8fa699627.jpg'),(84,'自由市场的坠落','2017051854575510','2017-05-18/591d8fa698e57.jpg'),(85,'时间的形状：相对论史话','2017051810148545','2017-05-18/591d907e06fa7.jpg'),(86,'时间的形状：相对论史话','2017051810148545','2017-05-18/591d907e06bbf.jpg'),(87,'时间的形状：相对论史话','2017051810148545','2017-05-18/591d907e06bbf.jpg'),(88,'银河帝国：基地七部曲套装','2017051899102505','2017-05-18/591d911cf352f.jpg'),(89,'银河帝国：基地七部曲套装','2017051899102505','2017-05-18/591d911d0299f.jpg'),(90,'银河帝国：基地七部曲套装','2017051899102505','2017-05-18/591d911d03170.jpg'),(94,'注册会计师2017考试教材','2017051850504951','2017-05-18/591d931221bb2.jpg'),(95,'注册会计师2017考试教材','2017051850504951','2017-05-18/591d931221bb2.jpg'),(96,'注册会计师2017考试教材','2017051850504951','2017-05-18/591d9231f3c62.jpg');
/*!40000 ALTER TABLE `pic` ENABLE KEYS */;

#
# Structure for table "post"
#

DROP TABLE IF EXISTS `post`;
CREATE TABLE `post` (
  `id` int(11) NOT NULL AUTO_INCREMENT,
  `name` char(30) NOT NULL,
  `desc` varchar(200) NOT NULL,
  `cost` double NOT NULL,
  `post_status` int(10) unsigned NOT NULL,
  PRIMARY KEY (`id`)
) ENGINE=MyISAM AUTO_INCREMENT=4 DEFAULT CHARSET=utf8;

#
# Data for table "post"
#

/*!40000 ALTER TABLE `post` DISABLE KEYS */;
INSERT INTO `post` VALUES (2,'申通快递','申通快递',8,0),(3,'圆通','圆通快递',10,0);
/*!40000 ALTER TABLE `post` ENABLE KEYS */;

#
# Structure for table "user"
#

DROP TABLE IF EXISTS `user`;
CREATE TABLE `user` (
  `id` int(11) NOT NULL AUTO_INCREMENT,
  `username` char(20) NOT NULL,
  `pwd` char(40) NOT NULL,
  `email` char(20) NOT NULL,
  `tel` char(20) NOT NULL,
  `img` varchar(200) NOT NULL,
  `salt` char(20) NOT NULL,
  `time` timestamp NOT NULL DEFAULT CURRENT_TIMESTAMP,
  PRIMARY KEY (`id`)
) ENGINE=MyISAM AUTO_INCREMENT=10 DEFAULT CHARSET=utf8;

#
# Data for table "user"
#

/*!40000 ALTER TABLE `user` DISABLE KEYS */;
INSERT INTO `user` VALUES (7,'liuwei','d41ba15c85dda360e04282a59a098d3c','11111@qq.com','15538191191','2017-05-19/591eae663b837.jpg','2s^8$$^g','2017-05-18 19:26:24'),(9,'李妞','8315d46abbd684252b2f73065399efa8','','','','^^^8^&%$','2017-07-04 11:39:03');
/*!40000 ALTER TABLE `user` ENABLE KEYS */;
